Section ID,Section,HS2 ID,HS2,Trade Value,Share,Year
1,Animal Products,101,Live animals,83026348.0,1.2911302269466705,1995
1,Animal Products,102,Meat & edible offal,5720213.0,0.088954170414352,1995
1,Animal Products,103,"Fish, Crustaceans & Molluscs",10028480.0,0.1559513813413802,1995
1,Animal Products,104,"Edible products of animal origin, n.e.s.",48624285.0,0.7561489290986229,1995
1,Animal Products,105,"Animal originated products, n.e.s.",3672146.0,0.0571049891097378,1995
2,Vegetable Products,206,"Live trees, plants, bulbs, cut flowers, & ornamental foliage",135585.0,0.0021084619044133,1995
2,Vegetable Products,207,"Edible vegetables, roots, & tubers",98060379.0,1.5249221776290407,1995
2,Vegetable Products,208,"Edible fruits, nuts & fruit peels",3053878.0,0.0474903966052733,1995
2,Vegetable Products,209,"Coffee, tea, mate & spices",459937.0,0.0071524109815256,1995
2,Vegetable Products,210,Cereals,64363250.0,1.000903202192216,1995
2,Vegetable Products,211,Products of the milling industry,7151012.0,0.1112043100638169,1995
2,Vegetable Products,212,"Oils seeds, oleaginous fruits, grains, straw & fodder",39592731.0,0.6157005937617355,1995
2,Vegetable Products,213,"Natural gums, resins & other vegetable extracts",661265.0,0.0102832323724739,1995
2,Vegetable Products,214,"Vegetable plaiting materials & products, n.e.s.",92024.0,0.00143105135739,1995
3,Animal and Vegetable Bi-Products,315,"Animal or vegetable fats, oils, & waxes",41827234.0,0.6504490132092947,1995
4,Foodstuffs,416,"Preparations of fish, crustacenas, & molluscs",6386051.0,0.0993085168207448,1995
4,Foodstuffs,417,Sugars & confectioneries,30591856.0,0.4757293429309918,1995
4,Foodstuffs,418,Cocoa & cocoa preparations,789140.0,0.0122717972286664,1995
4,Foodstuffs,419,"Preparations of cereals, flour, starch or milk",375095.0,0.0058330458239179,1995
4,Foodstuffs,420,"Preparations of vegetables, fruit, nuts or other plant parts",14370769.0,0.2234776632638132,1995
4,Foodstuffs,421,Miscellaneous edible preparations,1322543.0,0.020566666905989,1995
4,Foodstuffs,422,"Beverages, spirits, & vinegar",19183866.0,0.2983254094506784,1995
4,Foodstuffs,423,Food residues & wastes; animal fodder,7566545.0,0.1176662011323465,1995
4,Foodstuffs,424,Tobacco & substitutes,1441137.0,0.0224109043296863,1995
1,Animal Products,101,Live animals,41074433.0,0.2517727175894313,1996
1,Animal Products,102,Meat & edible offal,306027976.0,1.8758504877209936,1996
1,Animal Products,103,"Fish, Crustaceans & Molluscs",61669402.0,0.3780130801478163,1996
1,Animal Products,104,"Edible products of animal origin, n.e.s.",205475802.0,1.2594988485515528,1996
1,Animal Products,105,"Animal originated products, n.e.s.",3839794.0,0.0235366698881416,1996
2,Vegetable Products,206,"Live trees, plants, bulbs, cut flowers, & ornamental foliage",635368.0,0.0038945961354928,1996
2,Vegetable Products,207,"Edible vegetables, roots, & tubers",32614413.0,0.1999155872363248,1996
2,Vegetable Products,208,"Edible fruits, nuts & fruit peels",12711343.0,0.0779163371852605,1996
2,Vegetable Products,209,"Coffee, tea, mate & spices",2298523.0,0.0140891873577856,1996
2,Vegetable Products,210,Cereals,437283758.0,2.6804051101418547,1996
2,Vegetable Products,211,Products of the milling industry,218789780.0,1.3411091393858998,1996
2,Vegetable Products,212,"Oils seeds, oleaginous fruits, grains, straw & fodder",271167314.0,1.6621661354937427,1996
2,Vegetable Products,213,"Natural gums, resins & other vegetable extracts",4982441.0,0.0305407188651637,1996
2,Vegetable Products,214,"Vegetable plaiting materials & products, n.e.s.",136909.0,0.0008392069829047,1996
3,Animal and Vegetable Bi-Products,315,"Animal or vegetable fats, oils, & waxes",201568513.0,1.235548456590274,1996
4,Foodstuffs,416,"Preparations of fish, crustacenas, & molluscs",101313211.0,0.6210165447976231,1996
4,Foodstuffs,417,Sugars & confectioneries,691650329.0,4.239588236165166,1996
4,Foodstuffs,418,Cocoa & cocoa preparations,10806437.0,0.0662398921233795,1996
4,Foodstuffs,419,"Preparations of cereals, flour, starch or milk",17162577.0,0.1052009324663804,1996
4,Foodstuffs,420,"Preparations of vegetables, fruit, nuts or other plant parts",51036089.0,0.3128343810045067,1996
4,Foodstuffs,421,Miscellaneous edible preparations,15587821.0,0.0955481979378171,1996
4,Foodstuffs,422,"Beverages, spirits, & vinegar",443906550.0,2.7210006392358177,1996
4,Foodstuffs,423,Food residues & wastes; animal fodder,94547559.0,0.5795453310548948,1996
4,Foodstuffs,424,Tobacco & substitutes,38226913.0,0.2343183598192277,1996
1,Animal Products,101,Live animals,12148842.0,0.0744094854133782,1997
1,Animal Products,102,Meat & edible offal,260862544.0,1.5977364478577252,1997
1,Animal Products,103,"Fish, Crustaceans & Molluscs",64510138.0,0.3951130628356199,1997
1,Animal Products,104,"Edible products of animal origin, n.e.s.",112020157.0,0.6861034358909138,1997
1,Animal Products,105,"Animal originated products, n.e.s.",3652956.0,0.0223737024646227,1997
2,Vegetable Products,206,"Live trees, plants, bulbs, cut flowers, & ornamental foliage",1027172.0,0.0062912448734645,1997
2,Vegetable Products,207,"Edible vegetables, roots, & tubers",41649035.0,0.2550928938176807,1997
2,Vegetable Products,208,"Edible fruits, nuts & fruit peels",8463354.0,0.0518365302644693,1997
2,Vegetable Products,209,"Coffee, tea, mate & spices",3503146.0,0.0214561429960101,1997
2,Vegetable Products,210,Cereals,134538247.0,0.8240227116039521,1997
2,Vegetable Products,211,Products of the milling industry,104273246.0,0.638654990923629,1997
2,Vegetable Products,212,"Oils seeds, oleaginous fruits, grains, straw & fodder",331276651.0,2.029010265371572,1997
2,Vegetable Products,213,"Natural gums, resins & other vegetable extracts",3093706.0,0.0189483961911991,1997
2,Vegetable Products,214,"Vegetable plaiting materials & products, n.e.s.",13357.0,8.18092371821e-05,1997
3,Animal and Vegetable Bi-Products,315,"Animal or vegetable fats, oils, & waxes",127543435.0,0.7811807385596633,1997
4,Foodstuffs,416,"Preparations of fish, crustacenas, & molluscs",132517406.0,0.8116454217427245,1997
4,Foodstuffs,417,Sugars & confectioneries,336672060.0,2.062056180964573,1997
4,Foodstuffs,418,Cocoa & cocoa preparations,20816251.0,0.1274958160741345,1997
4,Foodstuffs,419,"Preparations of cereals, flour, starch or milk",14699292.0,0.0900305357219221,1997
4,Foodstuffs,420,"Preparations of vegetables, fruit, nuts or other plant parts",37145064.0,0.2275068766131786,1997
4,Foodstuffs,421,Miscellaneous edible preparations,4964843.0,0.0304087758148647,1997
4,Foodstuffs,422,"Beverages, spirits, & vinegar",113357213.0,0.6942926648667183,1997
4,Foodstuffs,423,Food residues & wastes; animal fodder,41522937.0,0.2543205661100971,1997
4,Foodstuffs,424,Tobacco & substitutes,28591565.0,0.1751182243388428,1997
1,Animal Products,101,Live animals,1468529.0,0.0098574353435434,1998
1,Animal Products,102,Meat & edible offal,159644881.0,1.0716091356624184,1998
1,Animal Products,103,"Fish, Crustaceans & Molluscs",45419888.0,0.3048789702287031,1998
1,Animal Products,104,"Edible products of animal origin, n.e.s.",86755530.0,0.582342621541589,1998
1,Animal Products,105,"Animal originated products, n.e.s.",2627749.0,0.017638647835052,1998
2,Vegetable Products,206,"Live trees, plants, bulbs, cut flowers, & ornamental foliage",917828.0,0.0061608794695193,1998
2,Vegetable Products,207,"Edible vegetables, roots, & tubers",31020817.0,0.208225849051258,1998
2,Vegetable Products,208,"Edible fruits, nuts & fruit peels",11354585.0,0.0762171448369551,1998
2,Vegetable Products,209,"Coffee, tea, mate & spices",2483940.0,0.0166733363435393,1998
2,Vegetable Products,210,Cereals,437799355.0,2.9387086229536807,1998
2,Vegetable Products,211,Products of the milling industry,53225412.0,0.3572732015666454,1998
2,Vegetable Products,212,"Oils seeds, oleaginous fruits, grains, straw & fodder",271350392.0,1.821427390664524,1998
2,Vegetable Products,213,"Natural gums, resins & other vegetable extracts",2006206.0,0.0134665681990815,1998
2,Vegetable Products,214,"Vegetable plaiting materials & products, n.e.s.",34229.0,0.0002297606341952,1998
3,Animal and Vegetable Bi-Products,315,"Animal or vegetable fats, oils, & waxes",130479361.0,0.87583688488574,1998
4,Foodstuffs,416,"Preparations of fish, crustacenas, & molluscs",55631425.0,0.3734234564020794,1998
4,Foodstuffs,417,Sugars & confectioneries,112887869.0,0.7577547802855158,1998
4,Foodstuffs,418,Cocoa & cocoa preparations,22756799.0,0.1527539972098033,1998
4,Foodstuffs,419,"Preparations of cereals, flour, starch or milk",12459036.0,0.0836307228613672,1998
4,Foodstuffs,420,"Preparations of vegetables, fruit, nuts or other plant parts",31491120.0,0.2113827369400056,1998
4,Foodstuffs,421,Miscellaneous edible preparations,4271588.0,0.028672843726107,1998
4,Foodstuffs,422,"Beverages, spirits, & vinegar",62009915.0,0.4162387857312508,1998
4,Foodstuffs,423,Food residues & wastes; animal fodder,37355416.0,0.2507465620026368,1998
4,Foodstuffs,424,Tobacco & substitutes,34122143.0,0.2290433613538754,1998
1,Animal Products,101,Live animals,2362471.9999999995,0.018170564095667,1999
1,Animal Products,102,Meat & edible offal,169174426.0,1.3011772207165584,1999
1,Animal Products,103,"Fish, Crustaceans & Molluscs",41008102.0,0.3154070591451047,1999
1,Animal Products,104,"Edible products of animal origin, n.e.s.",65856158.0,0.5065217873622964,1999
1,Animal Products,105,"Animal originated products, n.e.s.",4052471.0,0.0311689129231297,1999
2,Vegetable Products,206,"Live trees, plants, bulbs, cut flowers, & ornamental foliage",288768.0,0.0022210114882959,1999
2,Vegetable Products,207,"Edible vegetables, roots, & tubers",18387049.0,0.1414209575329026,1999
2,Vegetable Products,208,"Edible fruits, nuts & fruit peels",10402017.0,0.0800053996926603,1999
2,Vegetable Products,209,"Coffee, tea, mate & spices",7698417.0,0.0592111057966711,1999
2,Vegetable Products,210,Cereals,611603219.0,4.704045377873607,1999
2,Vegetable Products,211,Products of the milling industry,44999980.0,0.3461099309933566,1999
2,Vegetable Products,212,"Oils seeds, oleaginous fruits, grains, straw & fodder",185418237.0,1.4261138163390257,1999
2,Vegetable Products,213,"Natural gums, resins & other vegetable extracts",1838324.0,0.0141391661237056,1999
2,Vegetable Products,214,"Vegetable plaiting materials & products, n.e.s.",45355.0,0.0003488405088225,1999
3,Animal and Vegetable Bi-Products,315,"Animal or vegetable fats, oils, & waxes",125737470.0,0.9670890312613304,1999
4,Foodstuffs,416,"Preparations of fish, crustacenas, & molluscs",41551532.0,0.3195867614427439,1999
4,Foodstuffs,417,Sugars & confectioneries,110586932.0,0.8505611647668958,1999
4,Foodstuffs,418,Cocoa & cocoa preparations,22308460.0,0.1715818440623319,1999
4,Foodstuffs,419,"Preparations of cereals, flour, starch or milk",8496214.0,0.0653472299597642,1999
4,Foodstuffs,420,"Preparations of vegetables, fruit, nuts or other plant parts",30924001.0,0.2378468579796811,1999
4,Foodstuffs,421,Miscellaneous edible preparations,5142609.0,0.0395535297152535,1999
4,Foodstuffs,422,"Beverages, spirits, & vinegar",29915263.0,0.2300883158743206,1999
4,Foodstuffs,423,Food residues & wastes; animal fodder,37506867.0,0.2884778870823276,1999
4,Foodstuffs,424,Tobacco & substitutes,60874693.0,0.4682076701694482,1999
1,Animal Products,101,Live animals,5989097.0,0.036625453456055,2000
1,Animal Products,102,Meat & edible offal,195676882.0,1.196633571658126,2000
1,Animal Products,103,"Fish, Crustaceans & Molluscs",26136554.0,0.159834302571601,2000
1,Animal Products,104,"Edible products of animal origin, n.e.s.",141276866.0,0.8639581693367664,2000
1,Animal Products,105,"Animal originated products, n.e.s.",6142670.0,0.0375646068482286,2000
2,Vegetable Products,206,"Live trees, plants, bulbs, cut flowers, & ornamental foliage",387785.0,0.0023714428850386,2000
2,Vegetable Products,207,"Edible vegetables, roots, & tubers",14356535.0,0.0877953061092055,2000
2,Vegetable Products,208,"Edible fruits, nuts & fruit peels",23029214.0,0.1408318157956917,2000
2,Vegetable Products,209,"Coffee, tea, mate & spices",1165540.0,0.0071276907054887,2000
2,Vegetable Products,210,Cereals,165786591.0,1.0138438352740868,2000
2,Vegetable Products,211,Products of the milling industry,14523400.0,0.0888157447982006,2000
2,Vegetable Products,212,"Oils seeds, oleaginous fruits, grains, straw & fodder",193640030.0,1.1841774988773923,2000
2,Vegetable Products,213,"Natural gums, resins & other vegetable extracts",1774452.0,0.0108514036650272,2000
2,Vegetable Products,214,"Vegetable plaiting materials & products, n.e.s.",88666.0,0.0005422240541661,2000
3,Animal and Vegetable Bi-Products,315,"Animal or vegetable fats, oils, & waxes",270388511.0,1.6535216952877063,2000
4,Foodstuffs,416,"Preparations of fish, crustacenas, & molluscs",18501150.0,0.1131410975992694,2000
4,Foodstuffs,417,Sugars & confectioneries,107656949.0,0.6583604464613593,2000
4,Foodstuffs,418,Cocoa & cocoa preparations,62051895.0,0.3794693577650374,2000
4,Foodstuffs,419,"Preparations of cereals, flour, starch or milk",21684182.0,0.1326064678153694,2000
4,Foodstuffs,420,"Preparations of vegetables, fruit, nuts or other plant parts",27671861.0,0.1692232496982305,2000
4,Foodstuffs,421,Miscellaneous edible preparations,5316584.0,0.0325127978119584,2000
4,Foodstuffs,422,"Beverages, spirits, & vinegar",43017897.0,0.2630697055584285,2000
4,Foodstuffs,423,Food residues & wastes; animal fodder,61497347.0,0.3760780999571995,2000
4,Foodstuffs,424,Tobacco & substitutes,77495786.0,0.4739142316752256,2000
1,Animal Products,101,Live animals,2070459.0,0.0113348945768431,2001
1,Animal Products,102,Meat & edible offal,159305279.0,0.8721295823774299,2001
1,Animal Products,103,"Fish, Crustaceans & Molluscs",23012576.0,0.1259842010402484,2001
1,Animal Products,104,"Edible products of animal origin, n.e.s.",229705209.0,1.2575396700764088,2001
1,Animal Products,105,"Animal originated products, n.e.s.",8739453.0,0.0478448394362196,2001
2,Vegetable Products,206,"Live trees, plants, bulbs, cut flowers, & ornamental foliage",236660.0,0.001295614233634,2001
2,Vegetable Products,207,"Edible vegetables, roots, & tubers",23765626.0,0.1301068339255612,2001
2,Vegetable Products,208,"Edible fruits, nuts & fruit peels",22146164.0,0.1212409587543051,2001
2,Vegetable Products,209,"Coffee, tea, mate & spices",968220.0,0.0053005983828663,2001
2,Vegetable Products,210,Cereals,489326520.0,2.67885745037866,2001
2,Vegetable Products,211,Products of the milling industry,12822580.0,0.0701982471051771,2001
2,Vegetable Products,212,"Oils seeds, oleaginous fruits, grains, straw & fodder",198564236.0,1.087055904894234,2001
2,Vegetable Products,213,"Natural gums, resins & other vegetable extracts",1420707.0,0.0077777749134772,2001
2,Vegetable Products,214,"Vegetable plaiting materials & products, n.e.s.",188748.0,0.0010333161301865,2001
3,Animal and Vegetable Bi-Products,315,"Animal or vegetable fats, oils, & waxes",245385164.0,1.3433808467887445,2001
4,Foodstuffs,416,"Preparations of fish, crustacenas, & molluscs",13475876.0,0.0737747686820223,2001
4,Foodstuffs,417,Sugars & confectioneries,86429326.0,0.4731643073142777,2001
4,Foodstuffs,418,Cocoa & cocoa preparations,99496182.0,0.5446998630585792,2001
4,Foodstuffs,419,"Preparations of cereals, flour, starch or milk",27679014.0,0.1515309917660609,2001
4,Foodstuffs,420,"Preparations of vegetables, fruit, nuts or other plant parts",34277245.0,0.1876535388817771,2001
4,Foodstuffs,421,Miscellaneous edible preparations,12146912.0,0.0664992482122038,2001
4,Foodstuffs,422,"Beverages, spirits, & vinegar",71235403.0,0.389983951937198,2001
4,Foodstuffs,423,Food residues & wastes; animal fodder,95682487.0,0.5238214825771333,2001
4,Foodstuffs,424,Tobacco & substitutes,41826811.0,0.228984246087725,2001
1,Animal Products,101,Live animals,5172445.0,0.0254014040591256,2002
1,Animal Products,102,Meat & edible offal,208440914.0,1.0236342540070449,2002
1,Animal Products,103,"Fish, Crustaceans & Molluscs",12657192.0,0.0621583116390668,2002
1,Animal Products,104,"Edible products of animal origin, n.e.s.",151518988.0,0.7440958844062754,2002
1,Animal Products,105,"Animal originated products, n.e.s.",9483337.0,0.0465718001768712,2002
2,Vegetable Products,206,"Live trees, plants, bulbs, cut flowers, & ornamental foliage",221262.0,0.0010865974340819,2002
2,Vegetable Products,207,"Edible vegetables, roots, & tubers",35485328.0,0.1742651985083662,2002
2,Vegetable Products,208,"Edible fruits, nuts & fruit peels",42017026.0,0.2063417696638223,2002
2,Vegetable Products,209,"Coffee, tea, mate & spices",1465176.0,0.0071953452562054,2002
2,Vegetable Products,210,Cereals,1135370295.0,5.575699619816882,2002
2,Vegetable Products,211,Products of the milling industry,15537782.0,0.0763046255232506,2002
2,Vegetable Products,212,"Oils seeds, oleaginous fruits, grains, straw & fodder",53898609.0,0.2646911364806834,2002
2,Vegetable Products,213,"Natural gums, resins & other vegetable extracts",755469.0,0.0037100391252383,2002
2,Vegetable Products,214,"Vegetable plaiting materials & products, n.e.s.",387589.0,0.0019034141103235,2002
3,Animal and Vegetable Bi-Products,315,"Animal or vegetable fats, oils, & waxes",391767853.0,1.923936074995318,2002
4,Foodstuffs,416,"Preparations of fish, crustacenas, & molluscs",13810702.0,0.0678230936901553,2002
4,Foodstuffs,417,Sugars & confectioneries,110936562.0,0.5447993040607003,2002
4,Foodstuffs,418,Cocoa & cocoa preparations,119017544.0,0.5844842671635504,2002
4,Foodstuffs,419,"Preparations of cereals, flour, starch or milk",27791227.0,0.1364801725926295,2002
4,Foodstuffs,420,"Preparations of vegetables, fruit, nuts or other plant parts",41586193.0,0.2042259882268027,2002
4,Foodstuffs,421,Miscellaneous edible preparations,16002471.0,0.0785866706780722,2002
4,Foodstuffs,422,"Beverages, spirits, & vinegar",82920813.0,0.4072165244723148,2002
4,Foodstuffs,423,Food residues & wastes; animal fodder,96143530.0,0.472152077634595,2002
4,Foodstuffs,424,Tobacco & substitutes,47338575.0,0.2324754098222844,2002
1,Animal Products,101,Live animals,11101766.0,0.0421144668928437,2003
1,Animal Products,102,Meat & edible offal,241993873.0,0.9180019604745352,2003
1,Animal Products,103,"Fish, Crustaceans & Molluscs",11642476.0,0.0441656462631916,2003
1,Animal Products,104,"Edible products of animal origin, n.e.s.",252969555.0,0.9596381286495246,2003
1,Animal Products,105,"Animal originated products, n.e.s.",14250160.0,0.0540578761557149,2003
2,Vegetable Products,206,"Live trees, plants, bulbs, cut flowers, & ornamental foliage",140028.0,0.000531195178323,2003
2,Vegetable Products,207,"Edible vegetables, roots, & tubers",21165375.0,0.0802906929142735,2003
2,Vegetable Products,208,"Edible fruits, nuts & fruit peels",61264176.0,0.2324051967830481,2003
2,Vegetable Products,209,"Coffee, tea, mate & spices",2013212.0,0.0076371047743463,2003
2,Vegetable Products,210,Cereals,501221641.0,1.9013805736737128,2003
2,Vegetable Products,211,Products of the milling industry,18830291.0,0.0714325690977556,2003
2,Vegetable Products,212,"Oils seeds, oleaginous fruits, grains, straw & fodder",272857435.0,1.035082653766416,2003
2,Vegetable Products,213,"Natural gums, resins & other vegetable extracts",527206.0,0.001999952046612,2003
2,Vegetable Products,214,"Vegetable plaiting materials & products, n.e.s.",1221215.0,0.0046326700352488,2003
3,Animal and Vegetable Bi-Products,315,"Animal or vegetable fats, oils, & waxes",718775113.0,2.726668054419318,2003
4,Foodstuffs,416,"Preparations of fish, crustacenas, & molluscs",20205619.0,0.0766498656542495,2003
4,Foodstuffs,417,Sugars & confectioneries,180049597.0,0.6830168093910789,2003
4,Foodstuffs,418,Cocoa & cocoa preparations,156355966.0,0.5931351961125468,2003
4,Foodstuffs,419,"Preparations of cereals, flour, starch or milk",50010300.0,0.1897137017345874,2003
4,Foodstuffs,420,"Preparations of vegetables, fruit, nuts or other plant parts",80517912.0,0.3054441013443183,2003
4,Foodstuffs,421,Miscellaneous edible preparations,66863568.0,0.2536464487608014,2003
4,Foodstuffs,422,"Beverages, spirits, & vinegar",160193817.0,0.6076940553858523,2003
4,Foodstuffs,423,Food residues & wastes; animal fodder,116020248.0,0.4401219493633285,2003
4,Foodstuffs,424,Tobacco & substitutes,58021578.0,0.2201044253456208,2003
1,Animal Products,101,Live animals,4509505.0,0.0124653630510773,2004
1,Animal Products,102,Meat & edible offal,177775335.0,0.4914140448456967,2004
1,Animal Products,103,"Fish, Crustaceans & Molluscs",7593435.0,0.0209900918348593,2004
1,Animal Products,104,"Edible products of animal origin, n.e.s.",451742877.0,1.248726626878819,2004
1,Animal Products,105,"Animal originated products, n.e.s.",14160613.0,0.0391433609832576,2004
2,Vegetable Products,206,"Live trees, plants, bulbs, cut flowers, & ornamental foliage",481971.0,0.0013322844735931,2004
2,Vegetable Products,207,"Edible vegetables, roots, & tubers",45352999.0,0.1253666639664767,2004
2,Vegetable Products,208,"Edible fruits, nuts & fruit peels",67690305.0,0.1871123830360881,2004
2,Vegetable Products,209,"Coffee, tea, mate & spices",2103660.0,0.0058150252934699,2004
2,Vegetable Products,210,Cereals,844046338.0,2.333148324506198,2004
2,Vegetable Products,211,Products of the milling industry,27400322.0,0.0757411204658651,2004
2,Vegetable Products,212,"Oils seeds, oleaginous fruits, grains, straw & fodder",273081244.0,0.7548626398905937,2004
2,Vegetable Products,213,"Natural gums, resins & other vegetable extracts",508466.0,0.0014055230649769,2004
2,Vegetable Products,214,"Vegetable plaiting materials & products, n.e.s.",1516930.0,0.0041931615938048,2004
3,Animal and Vegetable Bi-Products,315,"Animal or vegetable fats, oils, & waxes",575197696.0,1.5899856207684009,2004
4,Foodstuffs,416,"Preparations of fish, crustacenas, & molluscs",26077100.0,0.0720834146584267,2004
4,Foodstuffs,417,Sugars & confectioneries,115697251.0,0.3198151987250527,2004
4,Foodstuffs,418,Cocoa & cocoa preparations,203046577.0,0.5612698729868416,2004
4,Foodstuffs,419,"Preparations of cereals, flour, starch or milk",80544481.0,0.22264443601362,2004
4,Foodstuffs,420,"Preparations of vegetables, fruit, nuts or other plant parts",94113872.0,0.2601535163222173,2004
4,Foodstuffs,421,Miscellaneous edible preparations,96166688.0,0.2658279964962188,2004
4,Foodstuffs,422,"Beverages, spirits, & vinegar",268051580.0,0.7409594314930126,2004
4,Foodstuffs,423,Food residues & wastes; animal fodder,216156637.0,0.5975092512603786,2004
4,Foodstuffs,424,Tobacco & substitutes,74188266.0,0.2050743196470336,2004
1,Animal Products,101,Live animals,3272539.0,0.0083801252922888,2005
1,Animal Products,102,Meat & edible offal,154540241.0,0.3957375549322749,2005
1,Animal Products,103,"Fish, Crustaceans & Molluscs",9762692.0,0.0249997271690347,2005
1,Animal Products,104,"Edible products of animal origin, n.e.s.",565797376.0,1.448860625015701,2005
1,Animal Products,105,"Animal originated products, n.e.s.",18212479.0,0.0466374444745133,2005
2,Vegetable Products,206,"Live trees, plants, bulbs, cut flowers, & ornamental foliage",605782.0,0.001551250897182,2005
2,Vegetable Products,207,"Edible vegetables, roots, & tubers",48205702.0,0.1234423249234733,2005
2,Vegetable Products,208,"Edible fruits, nuts & fruit peels",120755942.0,0.3092247101557426,2005
2,Vegetable Products,209,"Coffee, tea, mate & spices",2503000.0,0.0064095351061053,2005
2,Vegetable Products,210,Cereals,1507509016.0,3.860340375877891,2005
2,Vegetable Products,211,Products of the milling industry,33954356.0,0.086948316734798,2005
2,Vegetable Products,212,"Oils seeds, oleaginous fruits, grains, straw & fodder",191549152.0,0.4905077963598536,2005
2,Vegetable Products,213,"Natural gums, resins & other vegetable extracts",558813.0,0.001430975445964,2005
2,Vegetable Products,214,"Vegetable plaiting materials & products, n.e.s.",2557297.0,0.0065485756684929,2005
3,Animal and Vegetable Bi-Products,315,"Animal or vegetable fats, oils, & waxes",576268555.0,1.4756746040020428,2005
4,Foodstuffs,416,"Preparations of fish, crustacenas, & molluscs",26817748.0,0.0686733109359516,2005
4,Foodstuffs,417,Sugars & confectioneries,109584209.0,0.2806167937116611,2005
4,Foodstuffs,418,Cocoa & cocoa preparations,236216933.0,0.6048904213823572,2005
4,Foodstuffs,419,"Preparations of cereals, flour, starch or milk",96336676.0,0.2466932907820609,2005
4,Foodstuffs,420,"Preparations of vegetables, fruit, nuts or other plant parts",120422754.0,0.3083715019324374,2005
4,Foodstuffs,421,Miscellaneous edible preparations,45986057.0,0.1177583886267928,2005
4,Foodstuffs,422,"Beverages, spirits, & vinegar",419056916.0,1.0730962902749697,2005
4,Foodstuffs,423,Food residues & wastes; animal fodder,150205476.0,0.3846373438079374,2005
4,Foodstuffs,424,Tobacco & substitutes,93640381.0,0.2397887772147751,2005
1,Animal Products,101,Live animals,6153651.0,0.0145215552923586,2006
1,Animal Products,102,Meat & edible offal,33382765.0,0.0787775692445533,2006
1,Animal Products,103,"Fish, Crustaceans & Molluscs",7784827.0,0.0183708493903775,2006
1,Animal Products,104,"Edible products of animal origin, n.e.s.",353013942.0,0.83305203329316,2006
1,Animal Products,105,"Animal originated products, n.e.s.",14459285.0,0.0341214194005269,2006
2,Vegetable Products,206,"Live trees, plants, bulbs, cut flowers, & ornamental foliage",779187.0,0.001838746965596,2006
2,Vegetable Products,207,"Edible vegetables, roots, & tubers",93747961.0,0.2212290230965944,2006
2,Vegetable Products,208,"Edible fruits, nuts & fruit peels",159749428.0,0.3769811046522895,2006
2,Vegetable Products,209,"Coffee, tea, mate & spices",4105852.0,0.0096891027522102,2006
2,Vegetable Products,210,Cereals,1553515071.0,3.666027696572159,2006
2,Vegetable Products,211,Products of the milling industry,41754591.0,0.0985336350593039,2006
2,Vegetable Products,212,"Oils seeds, oleaginous fruits, grains, straw & fodder",363447603.0,0.8576736741878461,2006
2,Vegetable Products,213,"Natural gums, resins & other vegetable extracts",1039581.0,0.0024532319061294,2006
2,Vegetable Products,214,"Vegetable plaiting materials & products, n.e.s.",3559030.0,0.0083986971201589,2006
3,Animal and Vegetable Bi-Products,315,"Animal or vegetable fats, oils, & waxes",1010910106.0,2.385573539981896,2006
4,Foodstuffs,416,"Preparations of fish, crustacenas, & molluscs",21963837.0,0.0518308681184312,2006
4,Foodstuffs,417,Sugars & confectioneries,120600213.0,0.2845957077107118,2006
4,Foodstuffs,418,Cocoa & cocoa preparations,258018031.0,0.608878063379286,2006
4,Foodstuffs,419,"Preparations of cereals, flour, starch or milk",112693830.0,0.2659380071201089,2006
4,Foodstuffs,420,"Preparations of vegetables, fruit, nuts or other plant parts",136050212.0,0.3210550413234542,2006
4,Foodstuffs,421,Miscellaneous edible preparations,45645745.0,0.1077160875516669,2006
4,Foodstuffs,422,"Beverages, spirits, & vinegar",417330174.0,0.9848272508321732,2006
4,Foodstuffs,423,Food residues & wastes; animal fodder,179846721.0,0.4244072507769613,2006
4,Foodstuffs,424,Tobacco & substitutes,114609130.0,0.270457784866922,2006
1,Animal Products,101,Live animals,5008327.0,0.0091264481679401,2007
1,Animal Products,102,Meat & edible offal,104834547.0,0.1910352617560684,2007
1,Animal Products,103,"Fish, Crustaceans & Molluscs",8524879.0,0.0155345021064841,2007
1,Animal Products,104,"Edible products of animal origin, n.e.s.",640055162.0,1.166343623452608,2007
1,Animal Products,105,"Animal originated products, n.e.s.",16363179.0,0.0298178823000627,2007
2,Vegetable Products,206,"Live trees, plants, bulbs, cut flowers, & ornamental foliage",2286920.0,0.0041673510623858,2007
2,Vegetable Products,207,"Edible vegetables, roots, & tubers",88148896.0,0.1606297532899002,2007
2,Vegetable Products,208,"Edible fruits, nuts & fruit peels",150546762.0,0.2743345672605284,2007
2,Vegetable Products,209,"Coffee, tea, mate & spices",5073143.0,0.009244559438321,2007
2,Vegetable Products,210,Cereals,1038661416.0,1.8927058031880333,2007
2,Vegetable Products,211,Products of the milling industry,94395178.0,0.172012070961118,2007
2,Vegetable Products,212,"Oils seeds, oleaginous fruits, grains, straw & fodder",721328806.0,1.3144449154380595,2007
2,Vegetable Products,213,"Natural gums, resins & other vegetable extracts",388966.0,0.0007087951801252,2007
2,Vegetable Products,214,"Vegetable plaiting materials & products, n.e.s.",2653100.0,0.0048346243434907,2007
3,Animal and Vegetable Bi-Products,315,"Animal or vegetable fats, oils, & waxes",1806518690.0,3.291937445118924,2007
4,Foodstuffs,416,"Preparations of fish, crustacenas, & molluscs",34855204.0,0.0635150645492955,2007
4,Foodstuffs,417,Sugars & confectioneries,160851099.0,0.2931116953385249,2007
4,Foodstuffs,418,Cocoa & cocoa preparations,349289850.0,0.6364951233441002,2007
4,Foodstuffs,419,"Preparations of cereals, flour, starch or milk",163129308.0,0.2972631727389092,2007
4,Foodstuffs,420,"Preparations of vegetables, fruit, nuts or other plant parts",254005111.0,0.4628620455360407,2007
4,Foodstuffs,421,Miscellaneous edible preparations,72880800.0,0.1328073912981345,2007
4,Foodstuffs,422,"Beverages, spirits, & vinegar",522836023.0,0.9527404788548072,2007
4,Foodstuffs,423,Food residues & wastes; animal fodder,338529676.0,0.61688734408188,2007
4,Foodstuffs,424,Tobacco & substitutes,166727872.0,0.303820673442241,2007
1,Animal Products,101,Live animals,7716558.0,0.010135743988224,2008
1,Animal Products,102,Meat & edible offal,75506352.0,0.0991780342163867,2008
1,Animal Products,103,"Fish, Crustaceans & Molluscs",9279868.0,0.012189160801035,2008
1,Animal Products,104,"Edible products of animal origin, n.e.s.",713557164.0,0.9372615012117108,2008
1,Animal Products,105,"Animal originated products, n.e.s.",12213882.0,0.0160430053210743,2008
2,Vegetable Products,206,"Live trees, plants, bulbs, cut flowers, & ornamental foliage",2262863.0,0.0029722837628415,2008
2,Vegetable Products,207,"Edible vegetables, roots, & tubers",97313942.0,0.1278224310109363,2008
2,Vegetable Products,208,"Edible fruits, nuts & fruit peels",178186075.0,0.2340484499003957,2008
2,Vegetable Products,209,"Coffee, tea, mate & spices",7151158.0,0.0093930877869823,2008
2,Vegetable Products,210,Cereals,4581545932.0,6.017887332284883,2008
2,Vegetable Products,211,Products of the milling industry,226240111.0,0.2971677067629638,2008
2,Vegetable Products,212,"Oils seeds, oleaginous fruits, grains, straw & fodder",1537100048.0,2.0189898878249823,2008
2,Vegetable Products,213,"Natural gums, resins & other vegetable extracts",605340.0,0.0007951176244423,2008
2,Vegetable Products,214,"Vegetable plaiting materials & products, n.e.s.",3738690.0,0.0049107911443591,2008
3,Animal and Vegetable Bi-Products,315,"Animal or vegetable fats, oils, & waxes",2106922412.0,2.767454890001944,2008
4,Foodstuffs,416,"Preparations of fish, crustacenas, & molluscs",39417724.0,0.0517754106251098,2008
4,Foodstuffs,417,Sugars & confectioneries,165930325.0,0.2179504507168637,2008
4,Foodstuffs,418,Cocoa & cocoa preparations,498790436.0,0.6551641500097163,2008
4,Foodstuffs,419,"Preparations of cereals, flour, starch or milk",242478880.0,0.3184974246589363,2008
4,Foodstuffs,420,"Preparations of vegetables, fruit, nuts or other plant parts",201101190.0,0.2641475872490315,2008
4,Foodstuffs,421,Miscellaneous edible preparations,103622464.0,0.136108711491959,2008
4,Foodstuffs,422,"Beverages, spirits, & vinegar",538196422.0,0.7069241427032907,2008
4,Foodstuffs,423,Food residues & wastes; animal fodder,506630846.0,0.6654625743230841,2008
4,Foodstuffs,424,Tobacco & substitutes,213808912.0,0.280839254293525,2008
1,Animal Products,101,Live animals,10054993.0,0.0222646477179564,2009
1,Animal Products,102,Meat & edible offal,80327043.0,0.1778671864436046,2009
1,Animal Products,103,"Fish, Crustaceans & Molluscs",29350488.0,0.0649904257188551,2009
1,Animal Products,104,"Edible products of animal origin, n.e.s.",478535580.0,1.0596154675799343,2009
1,Animal Products,105,"Animal originated products, n.e.s.",8823032.0,0.0195367315804453,2009
2,Vegetable Products,206,"Live trees, plants, bulbs, cut flowers, & ornamental foliage",1866880.0,0.0041338094946161,2009
2,Vegetable Products,207,"Edible vegetables, roots, & tubers",178888719.0,0.3961110971684916,2009
2,Vegetable Products,208,"Edible fruits, nuts & fruit peels",178105269.0,0.3943763134391908,2009
2,Vegetable Products,209,"Coffee, tea, mate & spices",7545481.0,0.0167078660649026,2009
2,Vegetable Products,210,Cereals,3795803113.0,8.405000293651865,2009
2,Vegetable Products,211,Products of the milling industry,141003661.0,0.3122226777390253,2009
2,Vegetable Products,212,"Oils seeds, oleaginous fruits, grains, straw & fodder",1209786369.0,2.6788151239658418,2009
2,Vegetable Products,213,"Natural gums, resins & other vegetable extracts",852245.0,0.0018871156543211,2009
2,Vegetable Products,214,"Vegetable plaiting materials & products, n.e.s.",8277769.0,0.0183293624048888,2009
3,Animal and Vegetable Bi-Products,315,"Animal or vegetable fats, oils, & waxes",1918173310.0,4.247387642053702,2009
4,Foodstuffs,416,"Preparations of fish, crustacenas, & molluscs",46290085.0,0.1024995676634742,2009
4,Foodstuffs,417,Sugars & confectioneries,167924671.0,0.3718335401097483,2009
4,Foodstuffs,418,Cocoa & cocoa preparations,440928792.0,0.976343217999664,2009
4,Foodstuffs,419,"Preparations of cereals, flour, starch or milk",202531921.0,0.4484639494732603,2009
4,Foodstuffs,420,"Preparations of vegetables, fruit, nuts or other plant parts",151121148.0,0.3346257051549572,2009
4,Foodstuffs,421,Miscellaneous edible preparations,89938288.0,0.1991492484058527,2009
4,Foodstuffs,422,"Beverages, spirits, & vinegar",441185090.0,0.9769107355186534,2009
4,Foodstuffs,423,Food residues & wastes; animal fodder,374033554.0,0.8282179126833048,2009
4,Foodstuffs,424,Tobacco & substitutes,205286480.0,0.4545633356939496,2009
1,Animal Products,101,Live animals,4076426.0,0.0070516447625158,2010
1,Animal Products,102,Meat & edible offal,89611176.0,0.1550147555489258,2010
1,Animal Products,103,"Fish, Crustaceans & Molluscs",22534713.0,0.0389818902394518,2010
1,Animal Products,104,"Edible products of animal origin, n.e.s.",643204193.0,1.1126529658079605,2010
1,Animal Products,105,"Animal originated products, n.e.s.",13040478.0,0.0225581964174998,2010
2,Vegetable Products,206,"Live trees, plants, bulbs, cut flowers, & ornamental foliage",2153689.0,0.0037255796516208,2010
2,Vegetable Products,207,"Edible vegetables, roots, & tubers",134082036.0,0.2319431008699436,2010
2,Vegetable Products,208,"Edible fruits, nuts & fruit peels",217986227.0,0.3770855734717471,2010
2,Vegetable Products,209,"Coffee, tea, mate & spices",9941739.0,0.0171978129247653,2010
2,Vegetable Products,210,Cereals,2787517659.0,4.822014259674474,2010
2,Vegetable Products,211,Products of the milling industry,87169117.0,0.1507903362764787,2010
2,Vegetable Products,212,"Oils seeds, oleaginous fruits, grains, straw & fodder",1130491353.0,1.9555913509657483,2010
2,Vegetable Products,213,"Natural gums, resins & other vegetable extracts",1338649.0,0.0023156748606983,2010
2,Vegetable Products,214,"Vegetable plaiting materials & products, n.e.s.",24228648.0,0.0419121600078205,2010
3,Animal and Vegetable Bi-Products,315,"Animal or vegetable fats, oils, & waxes",2710315898.0,4.688466050136843,2010
4,Foodstuffs,416,"Preparations of fish, crustacenas, & molluscs",47653517.0,0.0824338951739857,2010
4,Foodstuffs,417,Sugars & confectioneries,206200594.0,0.3566980827587098,2010
4,Foodstuffs,418,Cocoa & cocoa preparations,579042048.0,1.0016614615488295,2010
4,Foodstuffs,419,"Preparations of cereals, flour, starch or milk",251138445.0,0.434434256957105,2010
4,Foodstuffs,420,"Preparations of vegetables, fruit, nuts or other plant parts",216114665.0,0.3738480339272972,2010
4,Foodstuffs,421,Miscellaneous edible preparations,123384998.0,0.2134387266982714,2010
4,Foodstuffs,422,"Beverages, spirits, & vinegar",429326688.0,0.7426749046452639,2010
4,Foodstuffs,423,Food residues & wastes; animal fodder,509329542.0,0.8810686118768977,2010
4,Foodstuffs,424,Tobacco & substitutes,213652541.0,0.3695889050214212,2010
1,Animal Products,101,Live animals,10655589.0,0.0140665855814949,2011
1,Animal Products,102,Meat & edible offal,197621334.0,0.2608825666455601,2011
1,Animal Products,103,"Fish, Crustaceans & Molluscs",21352944.0,0.0281883070183045,2011
1,Animal Products,104,"Edible products of animal origin, n.e.s.",695593270.0,0.9182619808597088,2011
1,Animal Products,105,"Animal originated products, n.e.s.",9667678.0,0.0127624310548516,2011
2,Vegetable Products,206,"Live trees, plants, bulbs, cut flowers, & ornamental foliage",1863248.0,0.0024596986099547,2011
2,Vegetable Products,207,"Edible vegetables, roots, & tubers",144138995.0,0.1902798154844535,2011
2,Vegetable Products,208,"Edible fruits, nuts & fruit peels",237507498.0,0.3135368253095854,2011
2,Vegetable Products,209,"Coffee, tea, mate & spices",13555844.0,0.0178952510044629,2011
2,Vegetable Products,210,Cereals,3967684079.0,5.237792829433311,2011
2,Vegetable Products,211,Products of the milling industry,113146659.0,0.1493664181382864,2011
2,Vegetable Products,212,"Oils seeds, oleaginous fruits, grains, straw & fodder",1560936391.0,2.0606130108125758,2011
2,Vegetable Products,213,"Natural gums, resins & other vegetable extracts",979907.0,0.0012935883391716,2011
2,Vegetable Products,214,"Vegetable plaiting materials & products, n.e.s.",8353318.0,0.0110273268363149,2011
3,Animal and Vegetable Bi-Products,315,"Animal or vegetable fats, oils, & waxes",3501159289.0,4.621927213330442,2011
4,Foodstuffs,416,"Preparations of fish, crustacenas, & molluscs",49348905.0,0.0651461496436812,2011
4,Foodstuffs,417,Sugars & confectioneries,239039603.0,0.3155593776154539,2011
4,Foodstuffs,418,Cocoa & cocoa preparations,661566136.0,0.8733423060764568,2011
4,Foodstuffs,419,"Preparations of cereals, flour, starch or milk",333908173.0,0.4407966459540735,2011
4,Foodstuffs,420,"Preparations of vegetables, fruit, nuts or other plant parts",229145253.0,0.3024977138211517,2011
4,Foodstuffs,421,Miscellaneous edible preparations,158121204.0,0.2087379166290124,2011
4,Foodstuffs,422,"Beverages, spirits, & vinegar",359200281.0,0.474185096064003,2011
4,Foodstuffs,423,Food residues & wastes; animal fodder,685386140.0,0.9047874120032668,2011
4,Foodstuffs,424,Tobacco & substitutes,221722920.0,0.292699392737366,2011
1,Animal Products,101,Live animals,8328087.0,0.0109436313851033,2012
1,Animal Products,102,Meat & edible offal,315163378.0,0.4141445490322074,2012
1,Animal Products,103,"Fish, Crustaceans & Molluscs",22016861.0,0.0289315434674322,2012
1,Animal Products,104,"Edible products of animal origin, n.e.s.",600880393.0,0.789594720555637,2012
1,Animal Products,105,"Animal originated products, n.e.s.",13150556.0,0.0172806596968978,2012
2,Vegetable Products,206,"Live trees, plants, bulbs, cut flowers, & ornamental foliage",1680503.0,0.0022082868939241,2012
2,Vegetable Products,207,"Edible vegetables, roots, & tubers",157639610.0,0.2071483863618921,2012
2,Vegetable Products,208,"Edible fruits, nuts & fruit peels",216221439.0,0.2841286031200933,2012
2,Vegetable Products,209,"Coffee, tea, mate & spices",13055705.0,0.0171560195027562,2012
2,Vegetable Products,210,Cereals,8020753061.0,10.53977521254561,2012
2,Vegetable Products,211,Products of the milling industry,107532391.0,0.141304341448739,2012
2,Vegetable Products,212,"Oils seeds, oleaginous fruits, grains, straw & fodder",1787788012.0,2.349266163770229,2012
2,Vegetable Products,213,"Natural gums, resins & other vegetable extracts",1044474.0,0.0013725046877301,2012
2,Vegetable Products,214,"Vegetable plaiting materials & products, n.e.s.",12599280.0,0.0165562482761893,2012
3,Animal and Vegetable Bi-Products,315,"Animal or vegetable fats, oils, & waxes",4292012508.0,5.639975037221024,2012
4,Foodstuffs,416,"Preparations of fish, crustacenas, & molluscs",64111884.0,0.0842470576856972,2012
4,Foodstuffs,417,Sugars & confectioneries,348822764.0,0.458375104384584,2012
4,Foodstuffs,418,Cocoa & cocoa preparations,647517614.0,0.8508789693212419,2012
4,Foodstuffs,419,"Preparations of cereals, flour, starch or milk",377716137.0,0.4963428181685896,2012
4,Foodstuffs,420,"Preparations of vegetables, fruit, nuts or other plant parts",316807691.0,0.4163052799844338,2012
4,Foodstuffs,421,Miscellaneous edible preparations,191862144.0,0.2521189536914801,2012
4,Foodstuffs,422,"Beverages, spirits, & vinegar",353598666.0,0.4646509407224343,2012
4,Foodstuffs,423,Food residues & wastes; animal fodder,946700454.0,1.2440240838845686,2012
4,Foodstuffs,424,Tobacco & substitutes,255452996.0,0.3356813424792848,2012
1,Animal Products,101,Live animals,13925996.0,0.0206180163100651,2013
1,Animal Products,102,Meat & edible offal,349015094.0,0.5167313634551464,2013
1,Animal Products,103,"Fish, Crustaceans & Molluscs",22653055.0,0.0335387901492146,2013
1,Animal Products,104,"Edible products of animal origin, n.e.s.",669075435.0,0.9905940107618816,2013
1,Animal Products,105,"Animal originated products, n.e.s.",15534445.0,0.0229993919557214,2013
2,Vegetable Products,206,"Live trees, plants, bulbs, cut flowers, & ornamental foliage",2347523.0,0.0034756054433918,2013
2,Vegetable Products,207,"Edible vegetables, roots, & tubers",138432912.0,0.204955684136762,2013
2,Vegetable Products,208,"Edible fruits, nuts & fruit peels",173470462.0,0.2568302342489925,2013
2,Vegetable Products,209,"Coffee, tea, mate & spices",12952107.0,0.0191761331380325,2013
2,Vegetable Products,210,Cereals,6808324017.0,10.080006889755976,2013
2,Vegetable Products,211,Products of the milling industry,138037894.0,0.2043708435575481,2013
2,Vegetable Products,212,"Oils seeds, oleaginous fruits, grains, straw & fodder",2132622553.0,3.1574363931288456,2013
2,Vegetable Products,213,"Natural gums, resins & other vegetable extracts",854875.0,0.0012656779948139,2013
2,Vegetable Products,214,"Vegetable plaiting materials & products, n.e.s.",58456165.0,0.0865467836838283,2013
3,Animal and Vegetable Bi-Products,315,"Animal or vegetable fats, oils, & waxes",3661318709.0,5.420734636036705,2013
4,Foodstuffs,416,"Preparations of fish, crustacenas, & molluscs",59807811.0,0.0885479518066278,2013
4,Foodstuffs,417,Sugars & confectioneries,272822442.0,0.4039249730437806,2013
4,Foodstuffs,418,Cocoa & cocoa preparations,544733399.0,0.8065004546331347,2013
4,Foodstuffs,419,"Preparations of cereals, flour, starch or milk",413556793.0,0.6122880333451358,2013
4,Foodstuffs,420,"Preparations of vegetables, fruit, nuts or other plant parts",386158862.0,0.5717242569215293,2013
4,Foodstuffs,421,Miscellaneous edible preparations,253738983.0,0.3756711182448521,2013
4,Foodstuffs,422,"Beverages, spirits, & vinegar",397894370.0,0.5890991646373509,2013
4,Foodstuffs,423,Food residues & wastes; animal fodder,986859864.0,1.461087075689283,2013
4,Foodstuffs,424,Tobacco & substitutes,295188947.0,0.4370395139993542,2013
1,Animal Products,101,Live animals,16172480.0,0.0263897391885409,2014
1,Animal Products,102,Meat & edible offal,437483156.0,0.713871118481506,2014
1,Animal Products,103,"Fish, Crustaceans & Molluscs",12003756.0,0.0195873477736799,2014
1,Animal Products,104,"Edible products of animal origin, n.e.s.",551396939.0,0.8997520114150606,2014
1,Animal Products,105,"Animal originated products, n.e.s.",17964767.0,0.0293143361879506,2014
2,Vegetable Products,206,"Live trees, plants, bulbs, cut flowers, & ornamental foliage",1599649.0,0.0026102564296391,2014
2,Vegetable Products,207,"Edible vegetables, roots, & tubers",170260454.0,0.2778256009704496,2014
2,Vegetable Products,208,"Edible fruits, nuts & fruit peels",182941593.0,0.2985182808082751,2014
2,Vegetable Products,209,"Coffee, tea, mate & spices",18213897.0,0.0297208586090042,2014
2,Vegetable Products,210,Cereals,7893598545.0,12.88052338674072,2014
2,Vegetable Products,211,Products of the milling industry,124542034.0,0.2032237353374623,2014
2,Vegetable Products,212,"Oils seeds, oleaginous fruits, grains, straw & fodder",1773559077.0,2.894037369500501,2014
2,Vegetable Products,213,"Natural gums, resins & other vegetable extracts",542290.0,0.0008848915976123,2014
2,Vegetable Products,214,"Vegetable plaiting materials & products, n.e.s.",88848847.99999999,0.1449807281210006,2014
3,Animal and Vegetable Bi-Products,315,"Animal or vegetable fats, oils, & waxes",3931325209.0,6.415011608043191,2014
4,Foodstuffs,416,"Preparations of fish, crustacenas, & molluscs",33281509.0,0.0543077092883144,2014
4,Foodstuffs,417,Sugars & confectioneries,142499243.0,0.2325257386210725,2014
4,Foodstuffs,418,Cocoa & cocoa preparations,312556780.0,0.5100202260760366,2014
4,Foodstuffs,419,"Preparations of cereals, flour, starch or milk",388206972.0,0.6334638065561515,2014
4,Foodstuffs,420,"Preparations of vegetables, fruit, nuts or other plant parts",285407379.0,0.4657186958521554,2014
4,Foodstuffs,421,Miscellaneous edible preparations,216872741.0,0.3538860503827488,2014
4,Foodstuffs,422,"Beverages, spirits, & vinegar",246409263.0,0.4020828088339327,2014
4,Foodstuffs,423,Food residues & wastes; animal fodder,1163386336.0,1.8983768712375777,2014
4,Foodstuffs,424,Tobacco & substitutes,382129215.0,0.6235463157272045,2014
1,Animal Products,101,Live animals,32147178.0,0.07490365270968,2015
1,Animal Products,102,Meat & edible offal,390786296.0,0.910540918997189,2015
1,Animal Products,103,"Fish, Crustaceans & Molluscs",17089003.0,0.03981776396879,2015
1,Animal Products,104,"Edible products of animal origin, n.e.s.",376984689.0,0.8783828621511577,2015
1,Animal Products,105,"Animal originated products, n.e.s.",25304408.0,0.0589598436558272,2015
2,Vegetable Products,206,"Live trees, plants, bulbs, cut flowers, & ornamental foliage",2606283.0,0.0060726984090218,2015
2,Vegetable Products,207,"Edible vegetables, roots, & tubers",109747939.0,0.2557151831012709,2015
2,Vegetable Products,208,"Edible fruits, nuts & fruit peels",192668857.0,0.4489227997772931,2015
2,Vegetable Products,209,"Coffee, tea, mate & spices",10949198.0,0.0255118792835104,2015
2,Vegetable Products,210,Cereals,6897256121.0,16.070762949615634,2015
2,Vegetable Products,211,Products of the milling industry,119757903.0,0.2790386258959199,2015
2,Vegetable Products,212,"Oils seeds, oleaginous fruits, grains, straw & fodder",1653182855.0,3.8519534883129496,2015
2,Vegetable Products,213,"Natural gums, resins & other vegetable extracts",527758.0,0.0012296880910279,2015
2,Vegetable Products,214,"Vegetable plaiting materials & products, n.e.s.",58192729.0,0.1355903763386175,2015
3,Animal and Vegetable Bi-Products,315,"Animal or vegetable fats, oils, & waxes",3427935929.0,7.987168339841536,2015
4,Foodstuffs,416,"Preparations of fish, crustacenas, & molluscs",18007626.0,0.0419581763609174,2015
4,Foodstuffs,417,Sugars & confectioneries,170844914.0,0.3980725183862531,2015
4,Foodstuffs,418,Cocoa & cocoa preparations,183567963.0,0.4277175106684447,2015
4,Foodstuffs,419,"Preparations of cereals, flour, starch or milk",274745631.0,0.6401635418177576,2015
4,Foodstuffs,420,"Preparations of vegetables, fruit, nuts or other plant parts",185732750.0,0.4327615133998331,2015
4,Foodstuffs,421,Miscellaneous edible preparations,119908476.0,0.2793894643956307,2015
4,Foodstuffs,422,"Beverages, spirits, & vinegar",164891642.0,0.3842012598149949,2015
4,Foodstuffs,423,Food residues & wastes; animal fodder,1055955059.0,2.4603991994683225,2015
4,Foodstuffs,424,Tobacco & substitutes,459388097.0,1.070384668808217,2015
1,Animal Products,101,Live animals,35384204.0,0.0868446800263227,2016
1,Animal Products,102,Meat & edible offal,401227063.0,0.9847455068972648,2016
1,Animal Products,103,"Fish, Crustaceans & Molluscs",27155307.0,0.066648212502719,2016
1,Animal Products,104,"Edible products of animal origin, n.e.s.",342434648.0,0.8404492421388496,2016
1,Animal Products,105,"Animal originated products, n.e.s.",12428324.0,0.0305032669674713,2016
2,Vegetable Products,206,"Live trees, plants, bulbs, cut flowers, & ornamental foliage",3974261.0,0.0097541667147887,2016
2,Vegetable Products,207,"Edible vegetables, roots, & tubers",170895489.0,0.4194347302583648,2016
2,Vegetable Products,208,"Edible fruits, nuts & fruit peels",174367557.0,0.4279563472626539,2016
2,Vegetable Products,209,"Coffee, tea, mate & spices",14807826.0,0.0363433613161246,2016
2,Vegetable Products,210,Cereals,6828742170.0,16.76001892640871,2016
2,Vegetable Products,211,Products of the milling industry,143891579.0,0.353158096667579,2016
2,Vegetable Products,212,"Oils seeds, oleaginous fruits, grains, straw & fodder",1675131618.0,4.111333672143261,2016
2,Vegetable Products,213,"Natural gums, resins & other vegetable extracts",495825.0,0.0012169205070729,2016
2,Vegetable Products,214,"Vegetable plaiting materials & products, n.e.s.",28612975.0,0.0702258176692676,2016
3,Animal and Vegetable Bi-Products,315,"Animal or vegetable fats, oils, & waxes",4078563587.0,10.010160174297718,2016
4,Foodstuffs,416,"Preparations of fish, crustacenas, & molluscs",18701154.0,0.0458988913599126,2016
4,Foodstuffs,417,Sugars & confectioneries,348724506.0,0.8558866589427151,2016
4,Foodstuffs,418,Cocoa & cocoa preparations,163645591.0,0.4016410539605038,2016
4,Foodstuffs,419,"Preparations of cereals, flour, starch or milk",217612476.0,0.534093852950764,2016
4,Foodstuffs,420,"Preparations of vegetables, fruit, nuts or other plant parts",143421105.0,0.3520033959997131,2016
4,Foodstuffs,421,Miscellaneous edible preparations,101299853.0,0.2486237452310224,2016
4,Foodstuffs,422,"Beverages, spirits, & vinegar",122631798.0,0.3009794782542697,2016
4,Foodstuffs,423,Food residues & wastes; animal fodder,1051548593.0,2.5808522099639397,2016
4,Foodstuffs,424,Tobacco & substitutes,436407849.0,1.0710909310657593,2016
1,Animal Products,101,Live animals,66869778.0,0.1372761509285479,2017
1,Animal Products,102,Meat & edible offal,545852100.0,1.1205731124793747,2017
1,Animal Products,103,"Fish, Crustaceans & Molluscs",32270875.0,0.0662484853336331,2017
1,Animal Products,104,"Edible products of animal origin, n.e.s.",500733699.0,1.027950097859366,2017
1,Animal Products,105,"Animal originated products, n.e.s.",14429180.0,0.0296214874745835,2017
2,Vegetable Products,206,"Live trees, plants, bulbs, cut flowers, & ornamental foliage",4369091.0,0.0089692535772521,2017
2,Vegetable Products,207,"Edible vegetables, roots, & tubers",336045715.0,0.6898641459708718,2017
2,Vegetable Products,208,"Edible fruits, nuts & fruit peels",215837322.0,0.4430898034518013,2017
2,Vegetable Products,209,"Coffee, tea, mate & spices",15487550.0,0.0317942023272969,2017
2,Vegetable Products,210,Cereals,7043807008.0,14.460145417886258,2017
2,Vegetable Products,211,Products of the milling industry,196472142.0,0.4033352618345329,2017
2,Vegetable Products,212,"Oils seeds, oleaginous fruits, grains, straw & fodder",2149828406.0,4.413356490170126,2017
2,Vegetable Products,213,"Natural gums, resins & other vegetable extracts",634018.0,0.0013015678122845,2017
2,Vegetable Products,214,"Vegetable plaiting materials & products, n.e.s.",25815660.000000004,0.0529966532636025,2017
3,Animal and Vegetable Bi-Products,315,"Animal or vegetable fats, oils, & waxes",4761381982.0,9.774582945220793,2017
4,Foodstuffs,416,"Preparations of fish, crustacenas, & molluscs",23448532.0,0.0481372050896428,2017
4,Foodstuffs,417,Sugars & confectioneries,442035320.0,0.9074489121837516,2017
4,Foodstuffs,418,Cocoa & cocoa preparations,182080400.0,0.3737906303731167,2017
4,Foodstuffs,419,"Preparations of cereals, flour, starch or milk",305127967.0,0.6263934785369405,2017
4,Foodstuffs,420,"Preparations of vegetables, fruit, nuts or other plant parts",179100797.0,0.3676738397485814,2017
4,Foodstuffs,421,Miscellaneous edible preparations,127341928.0,0.2614186894363591,2017
4,Foodstuffs,422,"Beverages, spirits, & vinegar",151056106.0,0.3101012359564694,2017
4,Foodstuffs,423,Food residues & wastes; animal fodder,1139579702.0,2.339429258563736,2017
4,Foodstuffs,424,Tobacco & substitutes,487967678.0,1.0017428891924998,2017
1,Animal Products,101,Live animals,56026079.0,0.104512719362945,2018
1,Animal Products,102,Meat & edible offal,673011790.0,1.2554562730728187,2018
1,Animal Products,103,"Fish, Crustaceans & Molluscs",32135113.0,0.0599457985747231,2018
1,Animal Products,104,"Edible products of animal origin, n.e.s.",497471519.0,0.927998214122837,2018
1,Animal Products,105,"Animal originated products, n.e.s.",23015563.0,0.0429339179134627,2018
2,Vegetable Products,206,"Live trees, plants, bulbs, cut flowers, & ornamental foliage",4694806.0,0.0087578311868205,2018
2,Vegetable Products,207,"Edible vegetables, roots, & tubers",258140233.0,0.4815424925205679,2018
2,Vegetable Products,208,"Edible fruits, nuts & fruit peels",257195506.0,0.4797801705878551,2018
2,Vegetable Products,209,"Coffee, tea, mate & spices",12421051.0,0.0231705991303769,2018
2,Vegetable Products,210,Cereals,7796427315.0,14.54368812791975,2018
2,Vegetable Products,211,Products of the milling industry,196562219.0,0.366673027960867,2018
2,Vegetable Products,212,"Oils seeds, oleaginous fruits, grains, straw & fodder",2056668690.0,3.836571137175704,2018
2,Vegetable Products,213,"Natural gums, resins & other vegetable extracts",1170620.0,0.0021837094746653,2018
2,Vegetable Products,214,"Vegetable plaiting materials & products, n.e.s.",36493243.0,0.068075584306065,2018
3,Animal and Vegetable Bi-Products,315,"Animal or vegetable fats, oils, & waxes",4601998649.0,8.584705585261272,2018
4,Foodstuffs,416,"Preparations of fish, crustacenas, & molluscs",23198889.0,0.0432758997035847,2018
4,Foodstuffs,417,Sugars & confectioneries,376135269.0,0.7016539531796049,2018
4,Foodstuffs,418,Cocoa & cocoa preparations,203642636.0,0.3798810490842732,2018
4,Foodstuffs,419,"Preparations of cereals, flour, starch or milk",279854468.0,0.5220488743563562,2018
4,Foodstuffs,420,"Preparations of vegetables, fruit, nuts or other plant parts",176101597.0,0.3285051732181266,2018
4,Foodstuffs,421,Miscellaneous edible preparations,138408712.0,0.2581917409326946,2018
4,Foodstuffs,422,"Beverages, spirits, & vinegar",184209384.0,0.3436296809921854,2018
4,Foodstuffs,423,Food residues & wastes; animal fodder,1337526587.0,2.4950620018868124,2018
4,Foodstuffs,424,Tobacco & substitutes,556762580.0,1.038601528322716,2018
1,Animal Products,101,Live animals,69177934.0,0.1232222519950814,2019
1,Animal Products,102,Meat & edible offal,733219243.0,1.3060367823154255,2019
1,Animal Products,103,"Fish, Crustaceans & Molluscs",38172149.0,0.0679936200938264,2019
1,Animal Products,104,"Edible products of animal origin, n.e.s.",474417723.0,0.8450501024566413,2019
1,Animal Products,105,"Animal originated products, n.e.s.",23890984.0,0.0425554895995948,2019
2,Vegetable Products,206,"Live trees, plants, bulbs, cut flowers, & ornamental foliage",7501839.0,0.0133625484635683,2019
2,Vegetable Products,207,"Edible vegetables, roots, & tubers",196033414.0,0.3491818466183759,2019
2,Vegetable Products,208,"Edible fruits, nuts & fruit peels",284092931.0,0.5060366609633542,2019
2,Vegetable Products,209,"Coffee, tea, mate & spices",12138980.0,0.021622392662424,2019
2,Vegetable Products,210,Cereals,10877013357.0,19.374531781046265,2019
2,Vegetable Products,211,Products of the milling industry,244049899.0,0.434710556027189,2019
2,Vegetable Products,212,"Oils seeds, oleaginous fruits, grains, straw & fodder",2666645368.0,4.7499257135550295,2019
2,Vegetable Products,213,"Natural gums, resins & other vegetable extracts",997193.0,0.0017762364388293,2019
2,Vegetable Products,214,"Vegetable plaiting materials & products, n.e.s.",53260375.00000001,0.0948693169935161,2019
3,Animal and Vegetable Bi-Products,315,"Animal or vegetable fats, oils, & waxes",4842755128.0,8.626091561694933,2019
4,Foodstuffs,416,"Preparations of fish, crustacenas, & molluscs",43733428.0,0.0778995725085509,2019
4,Foodstuffs,417,Sugars & confectioneries,265569738.0,0.4730424759158572,2019
4,Foodstuffs,418,Cocoa & cocoa preparations,208285854.0,0.3710063383592628,2019
4,Foodstuffs,419,"Preparations of cereals, flour, starch or milk",278636538.0,0.4963175353064619,2019
4,Foodstuffs,420,"Preparations of vegetables, fruit, nuts or other plant parts",199691558.0,0.3556978657553784,2019
4,Foodstuffs,421,Miscellaneous edible preparations,151152361.0,0.2692380827214863,2019
4,Foodstuffs,422,"Beverages, spirits, & vinegar",175891196.0,0.3133037953580439,2019
4,Foodstuffs,423,Food residues & wastes; animal fodder,1623135471.0,2.8911879332753307,2019
4,Foodstuffs,424,Tobacco & substitutes,600711460.0,1.0700091000181258,2019
1,Animal Products,101,Live animals,59375013.0,0.1100675828166935,2020
1,Animal Products,102,Meat & edible offal,674584656.0,1.2505243997361437,2020
1,Animal Products,103,"Fish, Crustaceans & Molluscs",45824824.0,0.0849486569490166,2020
1,Animal Products,104,"Edible products of animal origin, n.e.s.",427931599.0,0.7932865077909554,2020
1,Animal Products,105,"Animal originated products, n.e.s.",21669163.0,0.0401696315093174,2020
2,Vegetable Products,206,"Live trees, plants, bulbs, cut flowers, & ornamental foliage",6286042.0,0.0116528723694631,2020
2,Vegetable Products,207,"Edible vegetables, roots, & tubers",197973183.0,0.3669966306422016,2020
2,Vegetable Products,208,"Edible fruits, nuts & fruit peels",261006612.0,0.4838460731286845,2020
2,Vegetable Products,209,"Coffee, tea, mate & spices",14988182.0,0.0277846333028453,2020
2,Vegetable Products,210,Cereals,10731274916.0,19.893309169389752,2020
2,Vegetable Products,211,Products of the milling industry,166668128.0,0.3089642773053923,2020
2,Vegetable Products,212,"Oils seeds, oleaginous fruits, grains, straw & fodder",2009963324.0,3.726008525217276,2020
2,Vegetable Products,213,"Natural gums, resins & other vegetable extracts",1136511.0,0.0021068293259082,2020
2,Vegetable Products,214,"Vegetable plaiting materials & products, n.e.s.",50310537.0,0.093264134490376,2020
3,Animal and Vegetable Bi-Products,315,"Animal or vegetable fats, oils, & waxes",5802670090.0,10.756812309060471,2020
4,Foodstuffs,416,"Preparations of fish, crustacenas, & molluscs",30602146.0,0.0567293221346081,2020
4,Foodstuffs,417,Sugars & confectioneries,257041297.0,0.476495293480741,2020
4,Foodstuffs,418,Cocoa & cocoa preparations,201803093.0,0.3740964006431865,2020
4,Foodstuffs,419,"Preparations of cereals, flour, starch or milk",318082121.0,0.5896509057720464,2020
4,Foodstuffs,420,"Preparations of vegetables, fruit, nuts or other plant parts",177515605.0,0.3290729983434775,2020
4,Foodstuffs,421,Miscellaneous edible preparations,167872014.0,0.3111960043452981,2020
4,Foodstuffs,422,"Beverages, spirits, & vinegar",257513093.0,0.477369894473293,2020
4,Foodstuffs,423,Food residues & wastes; animal fodder,1649598434.0,3.0579751157036874,2020
4,Foodstuffs,424,Tobacco & substitutes,604454164.0,1.1205186389595445,2020
1,Animal Products,101,Live animals,50743617.0,0.0710607372511985,2021
1,Animal Products,102,Meat & edible offal,832305261.0,1.1655500526245737,2021
1,Animal Products,103,"Fish, Crustaceans & Molluscs",60031976.0,0.084068040975602,2021
1,Animal Products,104,"Edible products of animal origin, n.e.s.",377746787.0,0.5289919553525609,2021
1,Animal Products,105,"Animal originated products, n.e.s.",35368657.0,0.0495298323334886,2021
2,Vegetable Products,206,"Live trees, plants, bulbs, cut flowers, & ornamental foliage",8446787.0,0.0118287766444366,2021
2,Vegetable Products,207,"Edible vegetables, roots, & tubers",207082396.0,0.2899956408606947,2021
2,Vegetable Products,208,"Edible fruits, nuts & fruit peels",373574862.0,0.5231496428848331,2021
2,Vegetable Products,209,"Coffee, tea, mate & spices",16622654.0,0.0232781602523837,2021
2,Vegetable Products,210,Cereals,13384486122.0,18.74346977586866,2021
2,Vegetable Products,211,Products of the milling industry,159413618.0,0.2232408703337196,2021
2,Vegetable Products,212,"Oils seeds, oleaginous fruits, grains, straw & fodder",2278388703.0,3.190627522275008,2021
2,Vegetable Products,213,"Natural gums, resins & other vegetable extracts",3397630.0,0.0047579992712539,2021
2,Vegetable Products,214,"Vegetable plaiting materials & products, n.e.s.",19060478.0,0.0266920590039974,2021
3,Animal and Vegetable Bi-Products,315,"Animal or vegetable fats, oils, & waxes",7014878355.0,9.823549386197175,2021
4,Foodstuffs,416,"Preparations of fish, crustacenas, & molluscs",35222081.0,0.0493245691055375,2021
4,Foodstuffs,417,Sugars & confectioneries,256588607.0,0.3593235299659076,2021
4,Foodstuffs,418,Cocoa & cocoa preparations,225799852.0,0.3162073360740428,2021
4,Foodstuffs,419,"Preparations of cereals, flour, starch or milk",409982047.0,0.5741338170587154,2021
4,Foodstuffs,420,"Preparations of vegetables, fruit, nuts or other plant parts",202727784.0,0.2838974957646737,2021
4,Foodstuffs,421,Miscellaneous edible preparations,187858285.0,0.2630744322156966,2021
4,Foodstuffs,422,"Beverages, spirits, & vinegar",354691631.0,0.4967057984000246,2021
4,Foodstuffs,423,Food residues & wastes; animal fodder,1795509407.0,2.5144092941360934,2021
4,Foodstuffs,424,Tobacco & substitutes,591337134.0,0.82810125076521,2021
1,Animal Products,101,Live animals,43487971.0,0.0871580101360856,2022
1,Animal Products,102,Meat & edible offal,957647160.0,1.919303636356675,2022
1,Animal Products,103,"Fish, Crustaceans & Molluscs",45303438.0,0.0907965448285349,2022
1,Animal Products,104,"Edible products of animal origin, n.e.s.",460747522.0,0.9234240243733683,2022
1,Animal Products,105,"Animal originated products, n.e.s.",21454601.0,0.0429990245216009,2022
2,Vegetable Products,206,"Live trees, plants, bulbs, cut flowers, & ornamental foliage",5263895.0,0.0105498279918667,2022
2,Vegetable Products,207,"Edible vegetables, roots, & tubers",153922213.0,0.3084888416804437,2022
2,Vegetable Products,208,"Edible fruits, nuts & fruit peels",367454863.0,0.7364481243309318,2022
2,Vegetable Products,209,"Coffee, tea, mate & spices",12400352.0,0.0248526197119435,2022
2,Vegetable Products,210,Cereals,10558913685.0,21.16203365715276,2022
2,Vegetable Products,211,Products of the milling industry,136669435.0,0.2739110546459639,2022
2,Vegetable Products,212,"Oils seeds, oleaginous fruits, grains, straw & fodder",4448328717.0,8.915280949872937,2022
2,Vegetable Products,213,"Natural gums, resins & other vegetable extracts",2672523.0,0.0053562348706248,2022
2,Vegetable Products,214,"Vegetable plaiting materials & products, n.e.s.",34389486.0,0.0689229481265698,2022
3,Animal and Vegetable Bi-Products,315,"Animal or vegetable fats, oils, & waxes",6402101205.0,12.831005652520233,2022
4,Foodstuffs,416,"Preparations of fish, crustacenas, & molluscs",35769181.0,0.0716881144019683,2022
4,Foodstuffs,417,Sugars & confectioneries,296127351.0,0.593494478278377,2022
4,Foodstuffs,418,Cocoa & cocoa preparations,150575094.0,0.3017805905245394,2022
4,Foodstuffs,419,"Preparations of cereals, flour, starch or milk",260677939.0,0.522447240631574,2022
4,Foodstuffs,420,"Preparations of vegetables, fruit, nuts or other plant parts",242146647.0,0.4853070729293199,2022
4,Foodstuffs,421,Miscellaneous edible preparations,127247094.0,0.2550269247705173,2022
4,Foodstuffs,422,"Beverages, spirits, & vinegar",209714210.0,0.4203064162469476,2022
4,Foodstuffs,423,Food residues & wastes; animal fodder,1172945404.0,2.3508014988997084,2022
4,Foodstuffs,424,Tobacco & substitutes,188138155.0,0.3770639752421296,2022
1,Animal Products,101,Live animals,55230742.0,0.1368937332985881,2023
1,Animal Products,102,Meat & edible offal,916605961.0,2.271879888288122,2023
1,Animal Products,103,"Fish, Crustaceans & Molluscs",37285690.0,0.0924155120478706,2023
1,Animal Products,104,"Edible products of animal origin, n.e.s.",417149346.0,1.0339374277644953,2023
1,Animal Products,105,"Animal originated products, n.e.s.",18596610.0,0.046093158943942,2023
2,Vegetable Products,206,"Live trees, plants, bulbs, cut flowers, & ornamental foliage",4269928.0,0.0105833520186307,2023
2,Vegetable Products,207,"Edible vegetables, roots, & tubers",169564435.0,0.4202787741257539,2023
2,Vegetable Products,208,"Edible fruits, nuts & fruit peels",288531040.0,0.715146851333706,2023
2,Vegetable Products,209,"Coffee, tea, mate & spices",11123012.0,0.0275692591311736,2023
2,Vegetable Products,210,Cereals,9527337167.0,23.614253691993213,2023
2,Vegetable Products,211,Products of the milling industry,160925513.0,0.3988665272242854,2023
2,Vegetable Products,212,"Oils seeds, oleaginous fruits, grains, straw & fodder",3193142516.0,7.914454597942696,2023
2,Vegetable Products,213,"Natural gums, resins & other vegetable extracts",2450889.0,0.0060747209427395,2023
2,Vegetable Products,214,"Vegetable plaiting materials & products, n.e.s.",46898833.99999999,0.1162424447169432,2023
3,Animal and Vegetable Bi-Products,315,"Animal or vegetable fats, oils, & waxes",5982395165.0,14.82783642856497,2023
4,Foodstuffs,416,"Preparations of fish, crustacenas, & molluscs",44280813.0,0.1097534739813319,2023
4,Foodstuffs,417,Sugars & confectioneries,618708004.0,1.533516397249883,2023
4,Foodstuffs,418,Cocoa & cocoa preparations,198527919.0,0.4920670447612258,2023
4,Foodstuffs,419,"Preparations of cereals, flour, starch or milk",318149901.0,0.7885595253539456,2023
4,Foodstuffs,420,"Preparations of vegetables, fruit, nuts or other plant parts",202873712.0,0.5028384341427568,2023
4,Foodstuffs,421,Miscellaneous edible preparations,163028470.0,0.4040788713694428,2023
4,Foodstuffs,422,"Beverages, spirits, & vinegar",317985513.0,0.7881520767806585,2023
4,Foodstuffs,423,Food residues & wastes; animal fodder,1468038636.0,3.638649097066397,2023
4,Foodstuffs,424,Tobacco & substitutes,70649825.0,0.1751111419278402,2023
4,Foodstuffs,424,Tobacco & substitutes,7064908025.0,0.1751111419278402,2024
4,Foodstuffs,424,Tobacco & substitutes,7060009825.0,0.1751111419278402,2025
